Station,Delay minutes,Cumulative %
EGLINTON,6040,3.1
KIPLING,5548,6.0
KENNEDY BD,5008,8.6
BLOOR,4943,11.2
FINCH,4722,13.7
WILSON,4518,16.0
SHEPPARD WEST,4192,18.2
DAVISVILLE,4183,20.4
VICTORIA PARK,4062,22.5
LAWRENCE,3678,24.4
WARDEN,3607,26.3
YONGE BD,3512,28.1
ROSEDALE,3340,29.8
ST CLAIR,3248,31.5
YORK MILLS,3190,33.2
ST GEORGE YUS,3173,34.8
ST CLAIR WEST,3085,36.4
YORKDALE,3036,38.0
UNION,3007,39.6
SHEPPARD-YONGE,2915,41.1
ISLINGTON,2869,42.6
KEELE,2864,44.1
GREENWOOD,2743,45.5
COLLEGE,2701,46.9
ST GEORGE BD,2700,48.3
